completed_updates,l1_loss
0,0.039064645767211914
1,0.0340125672519207
2,0.02941771224141121
3,0.02544987015426159
4,0.022127902135252953
5,0.019247815012931824
6,0.01673966646194458
7,0.01448461227118969
8,0.012356716208159924
9,0.01040844339877367
10,0.008587611839175224
11,0.006988454144448042
12,0.005666238255798817
13,0.004842960741370916
14,0.0045587229542434216
15,0.0047006732784211636
16,0.005077383480966091
17,0.005301845259964466
18,0.0053457533940672874
19,0.0051338160410523415
20,0.004795190878212452
21,0.004411254543811083
22,0.003872910514473915
23,0.0033801242243498564
24,0.0028538580518215895
25,0.0024201436899602413
26,0.0021589852403849363
27,0.002087182831019163
28,0.0022424221970140934
29,0.0024028513580560684
30,0.0024031258653849363
31,0.002247451338917017
32,0.0020363423973321915
33,0.0018176557496190071
34,0.001639372087083757
35,0.001494817202910781
36,0.001452234573662281
37,0.00146854342892766
38,0.001454401295632124
39,0.0014557142276316881
40,0.0014188297791406512
41,0.0013010974507778883
42,0.0011894766939803958
43,0.0011066601146012545
44,0.0010489358101040125
45,0.0010381906758993864
46,0.0010805638739839196
47,0.0010400876635685563
48,0.0009492223034612834
49,0.0008952445350587368
50,0.0009043816244229674
51,0.0009214539895765483
52,0.0008879796369001269
53,0.000876465521287173
54,0.000859089894220233
55,0.00083561846986413
56,0.0008174945833161473
57,0.0007856907323002815
58,0.0008175779948942363
59,0.0008344177040271461
60,0.000817629974335432
61,0.0007836277363821864
62,0.0007684274460189044
63,0.0007960036164149642
64,0.000813726510386914
65,0.0007904290105216205
66,0.0007619447424076498
67,0.0007372821564786136
68,0.0007451878627762198
69,0.0007539332727901638
70,0.0007822695188224316
71,0.0007714640232734382
72,0.0007353536784648895
73,0.0007275476818904281
74,0.0007292518275789917
75,0.0007222021813504398
76,0.0006997419404797256
77,0.0006965668871998787
78,0.0007251333445310593
79,0.0007328102365136147
80,0.0006912931567057967
81,0.000670088455080986
82,0.000702488818205893
83,0.0007314080139622092
84,0.0007256101816892624
85,0.0007065749960020185
86,0.0006945048226043582
87,0.000683492049574852
88,0.0006979650352150202
89,0.0007106930715963244
90,0.0007191681070253253
91,0.0007209907053038478
92,0.0007008634274825454
93,0.0007082169759087265
94,0.0007201922126114368
95,0.0007098806090652943
96,0.0006995235453359783
97,0.0006922052125446498
98,0.0007074543973430991
99,0.0007009473629295826
100,0.000695739290677011
